{"cameraMode":{"drawMode":0,"name":"Shaded","section":"Shading Mode"},"sceneLighting":true,"audioPlay":false,"sceneViewState":{"showFog":true,"showMaterialUpdate":false,"showSkybox":true,"showFlares":true,"showImageEffects":true,"showParticleSystems":true},"in2DMode":false,"pivot":{"x":-20.052892684936525,"y":-2.4066832065582277,"z":-2.549325704574585},"rotation":{"x":-0.03739270195364952,"y":0.746186375617981,"z":-0.042061980813741687,"w":-0.6633539795875549},"size":27.830989837646486,"orthographic":false}