{"cameraMode":{"drawMode":0,"name":"Shaded","section":"Shading Mode"},"sceneLighting":true,"audioPlay":false,"sceneViewState":{"showFog":true,"showMaterialUpdate":false,"showSkybox":true,"showFlares":true,"showImageEffects":true,"showParticleSystems":true},"in2DMode":false,"pivot":{"x":0.6911497712135315,"y":-0.5165550112724304,"z":3.0204739570617677},"rotation":{"x":-0.0005248406087048352,"y":0.9986952543258667,"z":-0.01048664003610611,"w":-0.04997602477669716},"size":0.40384647250175478,"orthographic":false}