{"cameraMode":{"drawMode":0,"name":"Shaded","section":"Shading Mode"},"sceneLighting":true,"audioPlay":false,"sceneViewState":{"showFog":true,"showMaterialUpdate":true,"showSkybox":true,"showFlares":true,"showImageEffects":true,"showParticleSystems":true},"in2DMode":false,"pivot":{"x":12.923828125,"y":-2.4576416015625,"z":1.51171875},"rotation":{"x":-0.025974001735448839,"y":0.49994543194770815,"z":-0.015002861618995667,"w":-0.8655374050140381},"size":14.971009254455567,"orthographic":true}