{"cameraMode":{"drawMode":0,"name":"Shaded","section":"Shading Mode"},"sceneLighting":true,"audioPlay":false,"sceneViewState":{"showFog":true,"showMaterialUpdate":false,"showSkybox":true,"showFlares":true,"showImageEffects":true,"showParticleSystems":true},"in2DMode":false,"pivot":{"x":-11.426003456115723,"y":-4.7242960929870609,"z":1.4578814506530762},"rotation":{"x":-0.1177293136715889,"y":0.7175741791725159,"z":0.12516449391841889,"w":0.6749526858329773},"size":12.171347618103028,"orthographic":false}