{"cameraMode":{"drawMode":0,"name":"Shaded","section":"Shading Mode"},"sceneLighting":true,"audioPlay":false,"sceneViewState":{"showFog":true,"showMaterialUpdate":false,"showSkybox":true,"showFlares":true,"showImageEffects":true,"showParticleSystems":true},"in2DMode":false,"pivot":{"x":3.983642578125,"y":-0.7631597518920898,"z":0.386627197265625},"rotation":{"x":0.0020204135216772558,"y":-0.7392078638076782,"z":0.0022176310885697605,"w":0.673470675945282},"size":1.2987406253814698,"orthographic":true}