{"cameraMode":{"drawMode":0,"name":"Shaded","section":"Shading Mode"},"sceneLighting":true,"audioPlay":false,"sceneViewState":{"showFog":true,"showMaterialUpdate":false,"showSkybox":true,"showFlares":true,"showImageEffects":true,"showParticleSystems":true},"in2DMode":false,"pivot":{"x":-7.398441791534424,"y":-3.6872918605804445,"z":-26.987844467163087},"rotation":{"x":0.00995282456278801,"y":-0.9794811010360718,"z":0.0499969981610775,"w":0.1949823945760727},"size":30.83873748779297,"orthographic":false}