{"cameraMode":{"drawMode":0,"name":"Shaded","section":"Shading Mode"},"sceneLighting":true,"audioPlay":false,"sceneViewState":{"showFog":true,"showMaterialUpdate":false,"showSkybox":true,"showFlares":true,"showImageEffects":true,"showParticleSystems":true},"in2DMode":false,"pivot":{"x":6.798824310302734,"y":-5.9956183433532719,"z":-0.02435700222849846},"rotation":{"x":-0.01883867010474205,"y":0.9811549186706543,"z":-0.13776595890522004,"w":-0.1341666877269745},"size":19.55571937561035,"orthographic":false}