{"cameraMode":{"drawMode":0,"name":"Shaded","section":"Shading Mode"},"sceneLighting":true,"audioPlay":false,"sceneViewState":{"showFog":true,"showMaterialUpdate":false,"showSkybox":true,"showFlares":true,"showImageEffects":true,"showParticleSystems":true},"in2DMode":false,"pivot":{"x":51.258262634277347,"y":-20.56150245666504,"z":-11.127707481384278},"rotation":{"x":0.0765651986002922,"y":0.818999707698822,"z":-0.11249341070652008,"w":0.5574249029159546},"size":58.26508712768555,"orthographic":false}