{"cameraMode":{"drawMode":0,"name":"Shaded","section":"Shading Mode"},"sceneLighting":true,"audioPlay":false,"sceneViewState":{"showFog":true,"showMaterialUpdate":false,"showSkybox":true,"showFlares":true,"showImageEffects":true,"showParticleSystems":true},"in2DMode":false,"pivot":{"x":40.023468017578128,"y":-15.953240394592286,"z":-41.74795913696289},"rotation":{"x":0.02637978456914425,"y":0.9422606825828552,"z":-0.07649105042219162,"w":0.3249587118625641},"size":68.2260971069336,"orthographic":false}